{
    "Random Forest": {
        "accuracy": 0.9882903981264637,
        "precision": 0.988430059460994,
        "recall": 0.9882903981264637,
        "f1_score": 0.9882858794290427
    },
    "SVM": {
        "accuracy": 0.3840749414519906,
        "precision": 0.359943987474809,
        "recall": 0.3840749414519906,
        "f1_score": 0.25041822927592666
    },
    "KNN": {
        "accuracy": 0.7611241217798594,
        "precision": 0.7522679114838239,
        "recall": 0.7611241217798594,
        "f1_score": 0.7503953970086124
    }
}