,precision,recall,f1-score,support
NEGATIVE,0.8766233766233766,0.9440559440559441,0.9090909090909091,143.0
NEUTRAL,0.9795918367346939,0.972972972972973,0.976271186440678,148.0
POSITIVE,0.9126984126984127,0.8455882352941176,0.8778625954198473,136.0
accuracy,0.9227166276346604,0.9227166276346604,0.9227166276346604,0.9227166276346604
macro avg,0.9229712086854943,0.9208723841076782,0.9210748969838115,427.0
weighted avg,0.9238026201893716,0.9227166276346604,0.9224296219445424,427.0
